id,name,domain,status,title,error
544551,Paw Street Barkery,pawstreetbarkery.com,yes,"Dog, Treat - Paw Street Barkery - Chicopee, Massachusetts",
112320,Coloradocorndog,coloradocorndog.com,yes,Colorado Corndog Company,
402297,firstcarehc.com,firstcarehc.com,yes,Home - First Care Health Center,
122569,Lolaseattle,lolaseattle.com,yes,Brunch & Mediterranean Food in Downtown Seattle | Lola,
538936,Mitty's Soup,mittyssoup.com,no,,"
No element found.
Method: ele()
Arguments: {'locator': 'tag:body', 'index': 1, 'timeout': 10}
Version: 4.1.0.17"
407580,paznuts.com,paznuts.com,yes,Online Nuts Store ‚Äì PAZ NUTS,
173015,Thelittleepicurean,thelittleepicurean.com,yes,"Baking, Dessert, & Cocktail Recipes for Entertaining - The Little Epicurean",
535073,"Lo Bueno Juices, LLC",lobuenojuices.com,no,,"
No element found.
Method: ele()
Arguments: {'locator': 'tag:body', 'index': 1, 'timeout': 10}
Version: 4.1.0.17"
514790,Mandela Coffee,mandelacoffee.com,no,,"
No element found.
Method: ele()
Arguments: {'locator': 'tag:body', 'index': 1, 'timeout': 10}
Version: 4.1.0.17"
553260,Gourmet Market USA,gourmetmarketusa.com,no,,"
No element found.
Method: ele()
Arguments: {'locator': 'tag:body', 'index': 1, 'timeout': 10}
Version: 4.1.0.17"
520283,Chick P,chick-p.com,yes,Attention Required! | Cloudflare,
108696,Steelcroissant,steelcroissant.com,yes,"Zero-Click Search, SEO Tips, and What B2B Buyers Want in 2025",
555048,Weltkauf,weltkauf.co,no,,"
No element found.
Method: ele()
Arguments: {'locator': 'tag:body', 'index': 1, 'timeout': 10}
Version: 4.1.0.17"
82322,Jeanie Marshal Foods,jeaniemarshalfoods.com,no,,"
No element found.
Method: ele()
Arguments: {'locator': 'tag:body', 'index': 1, 'timeout': 10}
Version: 4.1.0.17"
285962,Aquatraction,aquatraction.com,yes,Advanced Marine Flooring | AquaTraction,
298633,Wellsearch,wellsearch.com,yes,Wellness Business Directory - Find Wellness Businesses - Well Search,
177261,Bankbazaar,bankbazaar.com,yes,Bankbazaar,
243604,Jenkinsfishingandmotel,jenkinsfishingandmotel.com,yes,"Jenkins Fishing Service | Trout Fishing, Boat Rentals & Motel",
553623,Slow Food SWWA,slowfoodswwa.org,no,,"
No element found.
Method: ele()
Arguments: {'locator': 'tag:body', 'index': 1, 'timeout': 10}
Version: 4.1.0.17"
193073,Corollaguide,corollaguide.com,yes,Corolla NC | Corollaguide.com,
543009,Pho Saigon & Grill,phosaigonandgrill.com,yes,BOSPLAY UPDATE LIVE RTP GACOR,
542280,"PEACHEY'S FINE FOODS, LLC",peacheysfinefoods.com,yes,"Peachey's Fine Foods, Life is Peachey",
509662,Telecopy Inc.,telecopy.com,yes,Privacy error,
555729,Mama Best Food,mannane.com,yes,mannane.com,
122745,Bravabod,bravabod.com,yes,Home - Bravabod,
103655,Biscuitsbydaddyo,biscuitsbydaddyo.com,yes,Gluten-Free Biscuits By Daddy-O Are A Hit! The Reviews Are In!,
172403,Plainsman,plainsman.com,yes,Home - The Daily Plainsman,
360239,Bcsofadesign,bcsofadesign.com,yes,Home | BC SOFA DESIGN SUPPLIER & MANUFACTURER,
425108,deekaygroup.com,deekaygroup.com,yes,503 Service Unavailable,
482882,stinghouse.com,stinghouse.com,yes,Stinghouse Creative,
213214,Museoegizio,museoegizio.it,yes,Museo Egizio,
541772,Saltwater Markets,saltwatermarkets.com,yes,Saltwater Markets ‚Äì Premium Meats & Quality Seafood,
122657,Delfriscos,delfriscos.com,yes,Del Frisco's Double Eagle Steakhouse | Expect Extraordinary,
532927,Felizsta,felizsta.com,no,,"
No element found.
Method: ele()
Arguments: {'locator': 'tag:body', 'index': 1, 'timeout': 10}
Version: 4.1.0.17"
553007,Tara Leigh Cakes,taraleighcakes.com,no,,"
No element found.
Method: ele()
Arguments: {'locator': 'tag:body', 'index': 1, 'timeout': 10}
Version: 4.1.0.17"
190381,Silverlyan,silverlyan.com,yes,Silver Lyan | Washington DC,
537966,Buffalo Wagon,buffalowagon.com,no,,"
No element found.
Method: ele()
Arguments: {'locator': 'tag:body', 'index': 1, 'timeout': 10}
Version: 4.1.0.17",
452653,lcgfreight.com,lcgfreight.com,yes,LCG Freight | Expert drayage solutions in Charleston and Savannah,,
364900,Boucheriezinman,boucheriezinman.com,yes,Home - Boucherie Zinman,,
355655,Sprucegrovefeeds,sprucegrovefeeds.com,yes,SPRUCE GROVE FEEDS,,
350004,Maomaomom,maomaomom.com,no,,,Empty or low-content body
333638,Pe,pe.findsalesrep.com,yes,"FindSalesRep.com | Find Local Direct Sales and Network Marketing Product Consultants, Distributors and Home Business Opportunities",,
322151,Tubescanada,tubescanada.ca,yes,Tubes¬Æ Canada - Muff style Multi Functional Hand Warmer ‚Äì Tubes Canada,,
412129,commercialledlights.com,commercialledlights.com,yes,Commercial LED Lights | U.S. Wholesale LED Store,,
468684,graphic-imprints.com,graphic-imprints.com,yes,"Graphic Imprints | Screen Printing, Embroidery, Vinyl, Awards & Promo Products | Billings, MT - Home",,
539025,Ti Amo Pizzeria & Pasta,tiamopizzeria.com,no,,"
No element found.
Method: ele()
Arguments: {'locator': 'tag:body', 'index': 1, 'timeout': 10}
Version: 4.1.0.17",
192862,Uspi,uspi.com,yes,United Surgical Partners International - Home,,
398322,nitori.co.jp,nitori.co.jp,no,,"
No element found.
Method: ele()
Arguments: {'locator': 'tag:body', 'index': 1, 'timeout': 10}
Version: 4.1.0.17",
244536,Drinkmana,drinkmana.com,yes,Mana‚Ñ¢ | Food For A Better Life,,
342376,Vervskin,vervskin.ca,yes,Verv Skin,,
162727,Alaskandreambotanicals,alaskandreambotanicals.com,yes,Alaskan Dream Botanicals,,
540458,Tom & Suzie‚Äôs NY Bagel Deli,tsnybd.com,no,,"
No element found.
Method: ele()
Arguments: {'locator': 'tag:body', 'index': 1, 'timeout': 10}
Version: 4.1.0.17",
2672,Tulocay and Company,tulocayandco.com,no,,"
No element found.
Method: ele()
Arguments: {'locator': 'tag:body', 'index': 1, 'timeout': 10}
Version: 4.1.0.17",
556246,Juice Supply,juicesupply.com,no,,"
No element found.
Method: ele()
Arguments: {'locator': 'tag:body', 'index': 1, 'timeout': 10}
Version: 4.1.0.17",
242765,Arkneweraguitars,arkneweraguitars.com,yes,New Era Guitars,,
114325,Hcafloridahealthcare,hcafloridahealthcare.com,yes,Florida Hospitals and Emergency Rooms | HCA Florida Healthcare,,
543422,Bagel Cafe and Catering,bagelcafenyc.com,no,,"
No element found.
Method: ele()
Arguments: {'locator': 'tag:body', 'index': 1, 'timeout': 10}
Version: 4.1.0.17",
516796,GET REAL GET RAW,getrealgetraw.org,no,,"
No element found.
Method: ele()
Arguments: {'locator': 'tag:body', 'index': 1, 'timeout': 10}
Version: 4.1.0.17",
106163,Accelerate360,accelerate360.com,yes,accelerate360,,
465571,polymerforgebio.com,polymerforgebio.com,no,,,Empty or low-content body
531938,"Pinto Canyon Management, LLC",pintocanyon.com,no,,"
No element found.
Method: ele()
Arguments: {'locator': 'tag:body', 'index': 1, 'timeout': 10}
Version: 4.1.0.17",
542761,Strawberry Bakery,strawberry-bakery.com,yes,HOME | Strawberrybakery,,
544665,Comil√£o Lanches,comilao.com,no,,"
No element found.
Method: ele()
Arguments: {'locator': 'tag:body', 'index': 1, 'timeout': 10}
Version: 4.1.0.17",
218407,Flipcircus,flipcircus.com,yes,Fl!p Circus,,
533294,"Peprone, LLC dba Bair's Fried Chicken, LLC",bairsfriedchicken.com,no,,,Empty or low-content body
520867,Mauros Burritos,maurosburritos.com,no,,"
No element found.
Method: ele()
Arguments: {'locator': 'tag:body', 'index': 1, 'timeout': 10}
Version: 4.1.0.17",
524129,Whisked Away Bakery,whiskedawaybakery.com,no,,"
No element found.
Method: ele()
Arguments: {'locator': 'tag:body', 'index': 1, 'timeout': 10}
Version: 4.1.0.17",
238350,Walterenelson,walterenelson.com,yes,Home - Walter E. Nelson Co.,,
531081,The French Connection LLC,frenchconnectionllc.com,no,,"
No element found.
Method: ele()
Arguments: {'locator': 'tag:body', 'index': 1, 'timeout': 10}
Version: 4.1.0.17",
202087,Fromthealdergrove,fromthealdergrove.com,yes,Campfire Exploring ‚Äì From the Alder Grove,,
543264,Cheesy Academy,cheesyacademy.com,no,,"
No element found.
Method: ele()
Arguments: {'locator': 'tag:body', 'index': 1, 'timeout': 10}
Version: 4.1.0.17",
317272,Nhpland,nhpland.com,yes,"NHP Land - Contract Manufacturer of Natural Health Products, Nutraceuticals and Dietary Supplements",,
485039,thepaletabar.com,thepaletabar.com,yes,The Paleta Bar | Best Dessert Gourmet Mexican¬†Pops!,
463396,penthol.com,penthol.com,yes,Penthol,
338061,Dollarstores,dollarstores.com,yes,403 Forbidden,
172614,Papemachinery,papemachinery.com,yes,"Construction, Forestry, Agriculture & Turf Equipment | Pap√© Machinery",
467485,stillwell-hansen.com,stillwell-hansen.com,yes,Stillwell-Hansen - Mission Critical Data Center Solutions,
15018,Archer Roose,archerroose.com,yes,Archer Roose Wines | Luxury wine in cans,
88400,ECUADOR,proecuador.gob.ec,no,,"
No element found.
Method: ele()
Arguments: {'locator': 'tag:body', 'index': 1, 'timeout': 10}
Version: 4.1.0.17"
122614,Cateringbymichaels,cateringbymichaels.com,yes,Catering Chicago + Full Service Catering Chicago | Catering by Michaels,
553455,FRUIT POP FUSION LLC,fruitpopfusion.com,no,,"
No element found.
Method: ele()
Arguments: {'locator': 'tag:body', 'index': 1, 'timeout': 10}
Version: 4.1.0.17"
485887,alphagroup.com,alphagroup.com,yes,Alpha Group | Financial Solutions for Corporates & Institutions,
545348,Sweet B Cupcakes,sweetbcupcakes.com,no,,"
No element found.
Method: ele()
Arguments: {'locator': 'tag:body', 'index': 1, 'timeout': 10}
Version: 4.1.0.17"
548498,MariMatcha Tea,marimatcha.com,no,,"
No element found.
Method: ele()
Arguments: {'locator': 'tag:body', 'index': 1, 'timeout': 10}
Version: 4.1.0.17"
551583,Jackson Biscuit,jacksonbiscuit.com,no,,"
No element found.
Method: ele()
Arguments: {'locator': 'tag:body', 'index': 1, 'timeout': 10}
Version: 4.1.0.17"
247242,Lokalfy,lokalfy.com,yes,This store is unavailable,
366143,Globetrottingbooklovers,globetrottingbooklovers.com,yes,Globetrotting Booklovers,
542928,Hackettstown Health Foods,hackettstownhealthfoods.com,yes,Hackettstown Health Food,
531834,Breaducation SF,breaducationsf.com,no,,"
No element found.
Method: ele()
Arguments: {'locator': 'tag:body', 'index': 1, 'timeout': 10}
Version: 4.1.0.17"
550972,Coco's Sweet Treats,cocossweettreatsfl.com,yes,Coco‚Äôs Sweet Treats,
82190,Bulk Office Supply,bulkofficesupply.com,yes,Attention Required! | Cloudflare,
241136,Optaviamedia,optaviamedia.com,yes,403 - Forbidden: Access is denied.,
531948,Merry's Custom Cakes Bakery & Design Studio,merryscakes.com,no,,"
No element found.
Method: ele()
Arguments: {'locator': 'tag:body', 'index': 1, 'timeout': 10}
Version: 4.1.0.17"
162887,Drydenwire,drydenwire.com,yes,DrydenWire | News & Information for Northwest Wisconsin,
114454,Muertoscoffeeco,muertoscoffeeco.com,yes,Muertos Coffee Co.,
556634,Met Foodmarkets,buenosupermarket.com,no,,"
No element found.
Method: ele()
Arguments: {'locator': 'tag:body', 'index': 1, 'timeout': 10}
Version: 4.1.0.17"
248133,Bonezonepub,bonezonepub.com,yes,Home - BONEZONE,
556775,Purely Prepared Brands,purelypreparedbrands.com,yes,Purely Smoked Kitchens,
369990,Soren,soren.wine,yes,S√∏ren Wine | New Releases Available Now,
341029,Vallon,vallon.com,yes,"VALLON¬Æ | Classic Style, Maximum Performance",
307387,Wilsons Pizza,wilsons-pizza.com,yes,WILSONS PIZZA,
442319,avosys-online.ghg.com,avosys-online.ghg.com,no,,"
No element found.
Method: ele()
Arguments: {'locator': 'tag:body', 'index': 1, 'timeout': 10}
Version: 4.1.0.17"
480116,aquicore.com,aquicore.com,yes,Privacy error,
113898,Streetsofwashington,streetsofwashington.com,no,,"
No element found.
Method: ele()
Arguments: {'locator': 'tag:body', 'index': 1, 'timeout': 10}
Version: 4.1.0.17"
324869,Alvincaramelcolours,alvincaramelcolours.com,no,,"
No element found.
Method: ele()
Arguments: {'locator': 'tag:body', 'index': 1, 'timeout': 10}
Version: 4.1.0.17"
540321,Dq of Muskego,muskegodq.com,no,,"
No element found.
Method: ele()
Arguments: {'locator': 'tag:body', 'index': 1, 'timeout': 10}
Version: 4.1.0.17"
412973,tacouprising.com,tacouprising.com,yes,"Taco Uprising | Mexican Restaurant in Denver, CO",
101115,Nutrametrix,nutrametrix.com,yes,nutraMetrix - Custom Health Solutions,
372988,Tequilacocina,tequilacocina.ca,yes,TEQUILA COCINA - Mexican Restaurant Vancouver BC Canada,,
242295,Armstronggraphicdesign,armstronggraphicdesign.com,yes,Home - Armstrong Graphic Design,,
540929,Hawaiian Island,hawaiianislandrestaurant.com,no,,"
No element found.
Method: ele()
Arguments: {'locator': 'tag:body', 'index': 1, 'timeout': 10}
Version: 4.1.0.17",
541670,Sticky Rice Bistro,stickyricebistro.com,yes,Betshop üéØ ŒïŒØœÉŒøŒ¥ŒøœÇ & Œ£œÑŒøŒπœáŒ∑ŒºŒ±œÑŒØœÉœÑŒµ œÉœÑŒø Betshop GR ŒºŒµ ŒúŒµŒ≥Œ¨ŒªŒ± ŒöŒ≠œÅŒ¥Œ∑,,
200160,Missionwinerynm,missionwinerynm.com,yes,Mission Winery ‚Äì Start Your Mission,,
509751,Maz-Tek Corp.,maztekcontainer.com,no,,"
No element found.
Method: ele()
Arguments: {'locator': 'tag:body', 'index': 1, 'timeout': 10}
Version: 4.1.0.17",
509042,Made to Order Boxes,madetoorderboxes.com,no,,"
No element found.
Method: ele()
Arguments: {'locator': 'tag:body', 'index': 1, 'timeout': 10}
Version: 4.1.0.17",
299230,Goldstardistributor,goldstardistributor.com,yes,"Appliances in Dallas, TX | Goldstar Distributors",,
102158,Mylittleeater,mylittleeater.com,yes,Home - My Little Eater,,
460189,teakadai.ca,teakadai.ca,no,,,Empty or low-content body
336262,Craftastik,craftastik.co.uk,yes,Craftastik,,
552324,Simply Divine Cupcakes,simplydivinecupcakes.com,yes,Index of /,,
454928,gromaxtexas.com,gromaxtexas.com,yes,Welcome to Gromax Development ‚Äì Quality Services for Your Needs,
553619,Sweet Munchies,sweetmunchies.net,no,,"
No element found.
Method: ele()
Arguments: {'locator': 'tag:body', 'index': 1, 'timeout': 10}
Version: 4.1.0.17"
246283,Wildwolfkettlekorn,wildwolfkettlekorn.com,yes,Wild Wolf Kettle Korn LLC | Mobile Food & Treats in Glendale,
515737,Two Chimps Baking Co.,twochimpsbaking.com,no,,"
No element found.
Method: ele()
Arguments: {'locator': 'tag:body', 'index': 1, 'timeout': 10}
Version: 4.1.0.17"
86183,"Green Life Farm, Inc.",organicnutritioninc.com,no,,"
No element found.
Method: ele()
Arguments: {'locator': 'tag:body', 'index': 1, 'timeout': 10}
Version: 4.1.0.17"
180578,Hcdestinations,hcdestinations.com,yes,Heritage Corridor Destinations - Welcome,
344940,Fitelo,fitelo.co,yes,Fitelo | Diet & Weight Loss Experts ‚Äì Now As Seen On Shark Tank,
212734,Homecreations,homecreations.com,yes,Home Builder in Oklahoma & Texas | Home Creations,
262050,Redgingeria,redgingeria.com,no,,"
No element found.
Method: ele()
Arguments: {'locator': 'tag:body', 'index': 1, 'timeout': 10}
Version: 4.1.0.17"
319959,Cdn,cdn.equitable.ca,yes,403 - Forbidden: Access is denied.,
67145,Goldenbrew Tea,goldenbrewtea.com,no,,"
No element found.
Method: ele()
Arguments: {'locator': 'tag:body', 'index': 1, 'timeout': 10}
Version: 4.1.0.17"
541141,MANNING POULTRY SALES,poultryprocessingusa.com,no,,"
No element found.
Method: ele()
Arguments: {'locator': 'tag:body', 'index': 1, 'timeout': 10}
Version: 4.1.0.17"
352737,Nkrocker,nkrocker.yukonschools.ca,no,,"
No element found.
Method: ele()
Arguments: {'locator': 'tag:body', 'index': 1, 'timeout': 10}
Version: 4.1.0.17"
552095,The Craftership Local Market,craftership.com,no,,"
No element found.
Method: ele()
Arguments: {'locator': 'tag:body', 'index': 1, 'timeout': 10}
Version: 4.1.0.17"
509791,"Southern Standard Cartons, Inc.",thesouthernstandard.com,no,,"
No element found.
Method: ele()
Arguments: {'locator': 'tag:body', 'index': 1, 'timeout': 10}
Version: 4.1.0.17"
539807,"SCHOTT'S MEAT PROCESSING, INC",schottsmeatprocessing.com,no,,"
No element found.
Method: ele()
Arguments: {'locator': 'tag:body', 'index': 1, 'timeout': 10}
Version: 4.1.0.17"
234873,Kulfipdx,kulfipdx.com,no,,"
No element found.
Method: ele()
Arguments: {'locator': 'tag:body', 'index': 1, 'timeout': 10}
Version: 4.1.0.17"
482330,cpgdata.com,cpgdata.com,yes,CPG Data ‚Äì Execution Tracking and Analytics,
550412,The Terpene Kitchen,theterpenekitchen.com,no,,"
No element found.
Method: ele()
Arguments: {'locator': 'tag:body', 'index': 1, 'timeout': 10}
Version: 4.1.0.17"
520234,Fresh Take Kitchen,freshtakekitchen.com,yes,"Fresh Take Kitchen - A Fast and Fresh Meal - Columbus, Indiana",
554278,Sushi Sakura Express,sushisakuraexpress-hub.com,no,,"
No element found.
Method: ele()
Arguments: {'locator': 'tag:body', 'index': 1, 'timeout': 10}
Version: 4.1.0.17"
470720,dpmorthotics.com,dpmorthotics.com,yes,"DPM Orthotics Inc. - Orthotics Lab in Kent, OH",
341135,Jeffersongraham,jeffersongraham.com,no,,"
No element found.
Method: ele()
Arguments: {'locator': 'tag:body', 'index': 1, 'timeout': 10}
Version: 4.1.0.17"
559997,BCPFoods LLC,fijipop.com,no,,"
No element found.
Method: ele()
Arguments: {'locator': 'tag:body', 'index': 1, 'timeout': 10}
Version: 4.1.0.17"
26263,Uncle's Barbeque Sauce,unclesbbq.com,yes,Uncle's Barbeque Sauce | New Iberia Barbeque Sauce,
351334,Theteenmagazine,theteenmagazine.com,yes,The Teen Magazine,
427120,pyrotechnicspecialties.com,pyrotechnicspecialties.com,yes,"Pyrotechnic & Explosive Manufacturing | Byron, GA",
542383,"ARTISIAN SUNSET SALSA CO., LLC",artisiansunsetsalsa.com,no,,"
No element found.
Method: ele()
Arguments: {'locator': 'tag:body', 'index': 1, 'timeout': 10}
Version: 4.1.0.17"
121562,Rumwonk,rumwonk.com,yes,403 Forbidden,
553388,RJP Mart,rjpmart.com,no,,"
No element found.
Method: ele()
Arguments: {'locator': 'tag:body', 'index': 1, 'timeout': 10}
Version: 4.1.0.17"
276261,Microgreens Omaha,microgreens-omaha.com,no,,"
No element found.
Method: ele()
Arguments: {'locator': 'tag:body', 'index': 1, 'timeout': 10}
Version: 4.1.0.17"
82363,Mullins Food Products,mullinsfood.com,no,,"
No element found.
Method: ele()
Arguments: {'locator': 'tag:body', 'index': 1, 'timeout': 10}
Version: 4.1.0.17"
402641,uplandsoftware.com,uplandsoftware.com,yes,Cloud Software Solutions | Upland Software,
482767,jrvannoy.com,jrvannoy.com,yes,Vannoy Construction,
110568,Nuscalepower,nuscalepower.com,yes,NuScale Power | Small Modular Reactor (SMR) Nuclear Technology,
190224,Demagi,demagi.it,yes,Home - De' Magi - Alchimia De' Formaggi,
249004,Divinecellar,divinecellar.com,yes,"Divine Cellar: Buy Rare Wine, Champagne & Spirits",,
544592,"THAI GOURMET MARKET, LLC",thaigourmetmarket.com,no,,"
No element found.
Method: ele()
Arguments: {'locator': 'tag:body', 'index': 1, 'timeout': 10}
Version: 4.1.0.17",
562258,remtekind.com,remtekind.com,yes,remtekind.com,,
150733,101steakatl,101steakatl.com,yes,"101 Steak - Vinings, Atlanta, GA",,
314863,Shell,shell.ca,yes,Shell Canada | Shell Canada,,
432529,matteladventurepark.com,matteladventurepark.com,yes,Mattel Adventure Park,,
475574,kx.com,kx.com,yes,AI Ready Vector Database and Data Analytics Platform | KX,,
292369,Evanscandy,evanscandy.com,yes,Evans Candy - Lancaster PA,,
477550,ziggtec.com,ziggtec.com,no,,"
No element found.
Method: ele()
Arguments: {'locator': 'tag:body', 'index': 1, 'timeout': 10}
Version: 4.1.0.17",
314159,Vreshfoods,vreshfoods.com,yes,Vresh Foods - OG GHEE,,
542819,River Valley Ranch & Kitchens,rivervalleyfarmerstable.com,no,,,Empty or low-content body
365113,Planktonholland,planktonholland.de,yes,Marines oder Marine Phytoplankton Algen | Omega-3 - PlanktonHolland,,
462872,growers.sunkist.com,growers.sunkist.com,yes,Home,
140454,Cartersbakingco,cartersbakingco.com,yes,"Bakery | Carter's Baking Company, LLC | United States",
518542,Cherish Every Bite,cherisheverybite.com,no,,"
No element found.
Method: ele()
Arguments: {'locator': 'tag:body', 'index': 1, 'timeout': 10}
Version: 4.1.0.17"
365128,Poormansgourmetkitchen,poormansgourmetkitchen.com,yes,Poor Man's Gourmet Kitchen - Simple recipes at a low budget wonder!,
422733,petbutler.com,petbutler.com,yes,Dog Pooper Scooper & Pet Care Services Near You | Pet Butler,
560493,"Cove Kombucha, Inc.",covekombucha.com,no,,"
No element found.
Method: ele()
Arguments: {'locator': 'tag:body', 'index': 1, 'timeout': 10}
Version: 4.1.0.17"
542211,Daylight Donut Supershop,daylightdonutsupershop.com,no,,"
No element found.
Method: ele()
Arguments: {'locator': 'tag:body', 'index': 1, 'timeout': 10}
Version: 4.1.0.17"
540386,Hometown Feed & Supply,hometowfeedandsupply.net,no,,"
No element found.
Method: ele()
Arguments: {'locator': 'tag:body', 'index': 1, 'timeout': 10}
Version: 4.1.0.17"
320318,Yukonorganics,yukonorganics.ca,yes,Yukon Organics | Offers a curated selection of fine organic foods to Yukon. Eat better than a Moose,
108812,Wiltonwholefoods,wiltonwholefoods.com,no,,"
No element found.
Method: ele()
Arguments: {'locator': 'tag:body', 'index': 1, 'timeout': 10}
Version: 4.1.0.17"
535178,"This Knish, LLC",thisknish.com,no,,"
No element found.
Method: ele()
Arguments: {'locator': 'tag:body', 'index': 1, 'timeout': 10}
Version: 4.1.0.17"
331834,Meetmycloset,meetmycloset.com,no,,"
No element found.
Method: ele()
Arguments: {'locator': 'tag:body', 'index': 1, 'timeout': 10}
Version: 4.1.0.17"
352965,Rigquipment,rigquipment.com,yes,Home - Rigquipment Finance,
452074,us.norton.com,us.norton.com,yes,"Norton AntiVirus, Privacy, Identity, & Advanced Scam Protection",
550911,Organica Health Foods,organica.in,no,,"
No element found.
Method: ele()
Arguments: {'locator': 'tag:body', 'index': 1, 'timeout': 10}
Version: 4.1.0.17"
152295,Redwingbrewing,redwingbrewing.com,yes,"Red Wing Brewery - Craft Beer, Pizzas, Calzones and Appetizers - Home",
537235,Procurium Meals,procuriummeals.com,no,,"
No element found.
Method: ele()
Arguments: {'locator': 'tag:body', 'index': 1, 'timeout': 10}
Version: 4.1.0.17"
152896,Fortunecookiesnj,fortunecookiesnj.com,yes,FORTUNE COOKIES Restaurant - Bridgewater NJ | Order Online | Chinese Takeout,
338600,Maroonpig,maroonpig.ca,yes,Home - Maroon Pig,
102679,Whitemountainscanning,whitemountainscanning.com,yes,Fresh and high-quality canned products- White Mountains,
122610,Lostrecipesfound,lostrecipesfound.com,yes,Lost Recipes Found ‚Äì Where Food Memories Matter,
337988,Wallbeds Etc,wallbeds-etc.net,yes,Wallbeds Etc. - Murphy Beds Edmonton,
311300,Pfenning's Organic Vegetables Inc.,pfenningsfarms.ca,yes,Pfennings Organic Farms,
542417,Epicure - For the Passionate Cook,epicureanacortes.com,no,,"
No element found.
Method: ele()
Arguments: {'locator': 'tag:body', 'index': 1, 'timeout': 10}
Version: 4.1.0.17"
542024,Milford Valley Chicken,milfordvalley.com,no,,"
No element found.
Method: ele()
Arguments: {'locator': 'tag:body', 'index': 1, 'timeout': 10}
Version: 4.1.0.17"
412718,calstateautoparts.com,calstateautoparts.com,no,,"
No element found.
Method: ele()
Arguments: {'locator': 'tag:body', 'index': 1, 'timeout': 10}
Version: 4.1.0.17"
168596,Recordpatriot,recordpatriot.com,yes,Benzie County Record Patriot: Benzie County MI News Sports and Opinion,
537180,Nerdy Dad Foods,nerdydadfoods.com,no,,"
No element found.
Method: ele()
Arguments: {'locator': 'tag:body', 'index': 1, 'timeout': 10}
Version: 4.1.0.17"
438284,atlas-nutrition.com,atlas-nutrition.com,no,,"
No element found.
Method: ele()
Arguments: {'locator': 'tag:body', 'index': 1, 'timeout': 10}
Version: 4.1.0.17"
242939,Stevelanderstoyota,stevelanderstoyota.com,yes,Landers Toyota,
164372,Thedaytripper,thedaytripper.com,yes,Home - The Daytripper,
534872,Bountiful Boards,bountifulboardsgb.com,yes,"Bountiful Boards GB - Cheese Shop, Cheese, Charcuterie Boards",
440011,nationalcollisionrepairer.com.au,nationalcollisionrepairer.com.au,yes,National Collision Repairer - Australia‚Äôs leading publication for collision repair professionals,
392627,clapcart.in,clapcart.in,no,,"
No element found.
Method: ele()
Arguments: {'locator': 'tag:body', 'index': 1, 'timeout': 10}
Version: 4.1.0.17"
406821,antecosmetic.com,antecosmetic.com,no,,"
No element found.
Method: ele()
Arguments: {'locator': 'tag:body', 'index': 1, 'timeout': 10}
Version: 4.1.0.17"
49778,Circle S Farm,ourcirclesfarm.com,no,,"
No element found.
Method: ele()
Arguments: {'locator': 'tag:body', 'index': 1, 'timeout': 10}
Version: 4.1.0.17"
173722,Finditinfondren,finditinfondren.com,yes,"Find It In Fondren¬Æ - Fondren, Mississippi | Jackson, MS",
182873,Doorhardwaresupply,doorhardwaresupply.com,yes,Doorhardwaresupply.com A Cape Cod Brass Site,
462400,mitchellpress.com,mitchellpress.com,yes,TECHNOLOGY DRIVEN SUSTAINABLE PRINT SOLUTIONS - Mitchell Printing - Print Marketing Services,
172651,Pigchamp,pigchamp.com,yes,Swine Management Software | PigCHAMP.com,
295374,24hourrefrigeration,24hourrefrigeration.com,yes,"Refrigeration Repair Dallas , DFW - All Types, All Brands, All Repairs",
542580,The Queens Buns,queensbuns.com,no,,"
No element found.
Method: ele()
Arguments: {'locator': 'tag:body', 'index': 1, 'timeout': 10}
Version: 4.1.0.17"
316503,Midwiferysupplies,midwiferysupplies.ca,yes,midwiferysupplies.ca,
550266,Cr√™perie and Caf√©,creperieandcafe.com,no,,"
No element found.
Method: ele()
Arguments: {'locator': 'tag:body', 'index': 1, 'timeout': 10}
Version: 4.1.0.17"
551459,AC Cakes and More,accakesandmore.com,no,,"
No element found.
Method: ele()
Arguments: {'locator': 'tag:body', 'index': 1, 'timeout': 10}
Version: 4.1.0.17"
305543,Forgottenshoresproperties,forgottenshoresproperties.com,yes,St George Island Rentals | Forgotten Shores Properties,
459211,theprinterlincoln.com,theprinterlincoln.com,yes,Attention Required! | Cloudflare,
351437,Quadratec,quadratec.com,yes,Jeep Parts & Accessories for Jeep Wrangler | Quadratec,
538972,Karen‚Äôs Handcrafted Cakes,karenshandcraftedcakes.com,no,,"
No element found.
Method: ele()
Arguments: {'locator': 'tag:body', 'index': 1, 'timeout': 10}
Version: 4.1.0.17"
172004,Justenergy,justenergy.com,yes,Just Energy: Electricity Company & Gas Supplier 866-288-3105,
482682,ovcsports.com,ovcsports.com,yes,Ohio Valley Conference,
530478,South Durham Farmer's Market,southdurhamfarmersmarket.org,yes,Southdurhamfarmersmarket,
324690,Kingsportswear,kingsportswear.com,yes,Kingsportswear,
520774,Comfortable Cooking,ricewildtree.webs.com,no,,"
No element found.
Method: ele()
Arguments: {'locator': 'tag:body', 'index': 1, 'timeout': 10}
Version: 4.1.0.17"
152506,Datefruit,datefruit.ir,yes,"Date Fruit - Iran Dates,Iranian Dates,Date Exporter Company | Ario",
550053,Rooted & Grounded,rootedandgroundedexperience.com,no,,"
No element found.
Method: ele()
Arguments: {'locator': 'tag:body', 'index': 1, 'timeout': 10}
Version: 4.1.0.17"
373346,Simsoverheaddoors,simsoverheaddoors.com,yes,Sims Overhead Doors - Overhead Doors and Loading Docks - Calgary | Edmonton,
102002,Foodookosher,foodookosher.com,no,,"
No element found.
Method: ele()
Arguments: {'locator': 'tag:body', 'index': 1, 'timeout': 10}
Version: 4.1.0.17"
139398,Rockcountybrewingco,rockcountybrewingco.com,yes,Rock County Brewing Company,
546823,Steamboat Coffee Roasters | GiftCoffees.com,steamboatcoffee.com,no,,"
No element found.
Method: ele()
Arguments: {'locator': 'tag:body', 'index': 1, 'timeout': 10}
Version: 4.1.0.17"
342758,Ode,ode.state.or.us,no,,"
No element found.
Method: ele()
Arguments: {'locator': 'tag:body', 'index': 1, 'timeout': 10}
Version: 4.1.0.17",
85616,Scandia Citrus LLC,scandiacitrus.com,no,,"
No element found.
Method: ele()
Arguments: {'locator': 'tag:body', 'index': 1, 'timeout': 10}
Version: 4.1.0.17",
162818,Scoutingpolaris,scoutingpolaris.nl,yes,Home - Scouting Polaris Heerenveen,,
185026,Tigi Haircare,tigihaircare.com,no,,"
No element found.
Method: ele()
Arguments: {'locator': 'tag:body', 'index': 1, 'timeout': 10}
Version: 4.1.0.17",
545491,Eagles Nest Esspresso,glidingeaglemarketplace.com,no,,"
No element found.
Method: ele()
Arguments: {'locator': 'tag:body', 'index': 1, 'timeout': 10}
Version: 4.1.0.17",
501762,releviumcorp.com,releviumcorp.com,no,,"
No element found.
Method: ele()
Arguments: {'locator': 'tag:body', 'index': 1, 'timeout': 10}
Version: 4.1.0.17",
84288,R.W. Miner Corp.,concept.org,no,,"
No element found.
Method: ele()
Arguments: {'locator': 'tag:body', 'index': 1, 'timeout': 10}
Version: 4.1.0.17",
547919,Coffee Partners Hawaii,starbuckshawaii.com,no,,"
No element found.
Method: ele()
Arguments: {'locator': 'tag:body', 'index': 1, 'timeout': 10}
Version: 4.1.0.17",
147600,Waterstore1,waterstore1.com,yes,"The Water Store - Bottled Water, Coffee Products, & Delivery Services",,
560797,"""Next Level Brands",inc.dbanextlevelhealthsciences,no,,"
No element found.
Method: ele()
Arguments: {'locator': 'tag:body', 'index': 1, 'timeout': 10}
Version: 4.1.0.17",
179003,Conecuhbrands,conecuhbrands.com,no,,,Empty or low-content body
402549,amzpackaginginc.com,amzpackaginginc.com,yes,"AMZ Packaging Incorporated | packaging products | 5315 Maywood Avenue, Maywood, CA, USA",,
175300,Ggatthefair,ggatthefair.com,yes,Home - Georgia Grown at the Fair,
488336,prioridadlechera.com,prioridadlechera.com,no,,"
No element found.
Method: ele()
Arguments: {'locator': 'tag:body', 'index': 1, 'timeout': 10}
Version: 4.1.0.17"
448467,getcovey.com,getcovey.com,yes,Covey: Your AI recruiting tool for sourcing and screening candidates,
112671,Jackfruitday,jackfruitday.com,yes,Jackfruit Day ‚Äì Celebrating this delicious meat alternative. Declare your independence from meat on July 4th!,
295738,Bagelsandcompany,bagelsandcompany.com,no,,"
No element found.
Method: ele()
Arguments: {'locator': 'tag:body', 'index': 1, 'timeout': 10}
Version: 4.1.0.17"
457625,empacadoraelfresno.com.mx,empacadoraelfresno.com.mx,yes,EMPACADORA EL FRESNO,
214947,Autonationtoyotapinellaspark,autonationtoyotapinellaspark.com,yes,"AutoNation Toyota Dealership in Pinellas Park, FL | New & Used Cars For Sale",
551687,"Sweetly Dipped Confections, LLC",sweetlydippedconfections.com,no,,"
No element found.
Method: ele()
Arguments: {'locator': 'tag:body', 'index': 1, 'timeout': 10}
Version: 4.1.0.17"
292280,Rillositalianmix,rillositalianmix.com,yes,Spaghetti Sauce - Rillo's Italian Mix,
332131,Staff,staff.gardengrocer.com,no,,"
No element found.
Method: ele()
Arguments: {'locator': 'tag:body', 'index': 1, 'timeout': 10}
Version: 4.1.0.17"
533355,Mugs on Milton,mugsonmilton.com,no,,"
No element found.
Method: ele()
Arguments: {'locator': 'tag:body', 'index': 1, 'timeout': 10}
Version: 4.1.0.17"
546518,"Pavillion Foods, Inc.",palmsupplyfla.com,no,,"
No element found.
Method: ele()
Arguments: {'locator': 'tag:body', 'index': 1, 'timeout': 10}
Version: 4.1.0.17"
108320,Magiccottonusa,magiccottonusa.com,yes,Buy your Cotton Candy Robotic Machine! - Magic Cotton,
324314,Littletasteofhome,littletasteofhome.ca,yes,Little Taste of Home- British and Irish Shop (Calgary),
286991,Gardenscapesbyjoanna,gardenscapesbyjoanna.com,no,,"
No element found.
Method: ele()
Arguments: {'locator': 'tag:body', 'index': 1, 'timeout': 10}
Version: 4.1.0.17"
556343,Mediterranean Foods Imports,mfi2012.com,no,,"
No element found.
Method: ele()
Arguments: {'locator': 'tag:body', 'index': 1, 'timeout': 10}
Version: 4.1.0.17"
94243,GEA Cosmetic Lab,geacosmeticslab.com,yes,Home - Gea Cosmetic Lab,
508232,The Bodtker Group of Companies Ltd,bodtkergroup.com,no,,"
No element found.
Method: ele()
Arguments: {'locator': 'tag:body', 'index': 1, 'timeout': 10}
Version: 4.1.0.17"
311535,SM Enterprises,smenterprises.ca,no,,"
No element found.
Method: ele()
Arguments: {'locator': 'tag:body', 'index': 1, 'timeout': 10}
Version: 4.1.0.17"
326310,Pinkavenueskincare,pinkavenueskincare.ca,yes,"Pink Avenue Skin Care, Toronto, Ontario, Canada M4G 4H9",
362350,Almanara,almanara.ca,yes,Edge IP Restricted | almanara.ca | Cloudflare,
153033,Coffeehousehobbs,coffeehousehobbs.com,yes,Home | The Coffee House,
516990,Mast Bites,mastbites.com,no,,"
No element found.
Method: ele()
Arguments: {'locator': 'tag:body', 'index': 1, 'timeout': 10}
Version: 4.1.0.17"
18035,Kane Export LLC,kaneexportllc.com,no,,"
No element found.
Method: ele()
Arguments: {'locator': 'tag:body', 'index': 1, 'timeout': 10}
Version: 4.1.0.17"
532438,"El Rancho Pinetop, Inc.",elranchorestaurantpinetop.com,no,,"
No element found.
Method: ele()
Arguments: {'locator': 'tag:body', 'index': 1, 'timeout': 10}
Version: 4.1.0.17",
542182,Common Pantry,commonpantry.org,yes,Common Pantry ‚Äì Serving the North side of Chicago since 1967,,
452051,wwallc.net,wwallc.net,no,,"
No element found.
Method: ele()
Arguments: {'locator': 'tag:body', 'index': 1, 'timeout': 10}
Version: 4.1.0.17",
13079,The Fish Factory Llc,thefishfactory.net,no,,"
No element found.
Method: ele()
Arguments: {'locator': 'tag:body', 'index': 1, 'timeout': 10}
Version: 4.1.0.17",
163929,Eatthereal,eatthereal.com,yes,Eat The Real - Meet top chefs and learn how to make their favorite recipes!,,
76570,Mr Printer,mrprinters.co.uk,no,,,Empty or low-content body
534326,Amazing Graze Snack Co.,myamazinggraze.com,yes,myamazinggraze.com,,
560572,Nirvana Foods Inc.,nirvanafoodsinc.com,no,,"
No element found.
Method: ele()
Arguments: {'locator': 'tag:body', 'index': 1, 'timeout': 10}
Version: 4.1.0.17",
354312,Blog,blog.openroadautogroup.com,yes,OpenRoad Auto Group - The OpenRoad Blog,,
290798,Friedegglove,friedegglove.com,yes,Fried Egg I'm In Love,,
249209,Soukeltayeb,soukeltayeb.com,yes,Homepage | Souk El Tayeb,,
339783,Diageoworldclasscanada,diageoworldclasscanada.com,no,,"
No element found.
Method: ele()
Arguments: {'locator': 'tag:body', 'index': 1, 'timeout': 10}
Version: 4.1.0.17",
